id;name;id_card;sex;address;nation;age;img;img_content_type
1;Assistant;Generic heuristic;Male;Rustic Team-oriented firmware;empower Auto Loan Account Music;41671;../fake-data/blob/hipster.png;image/png
2;Implementation Western Sahara generate;scale deposit;Male;users;mobile azure Soft;44888;../fake-data/blob/hipster.png;image/png
3;fuchsia Administrator Gorgeous;copying artificial intelligence Lilangeni;Male;invoice secondary database;multi-byte;83950;../fake-data/blob/hipster.png;image/png
4;Handmade digital;Compatible primary;Male;plum Accounts Falkland Islands Pound;calculate initiatives Electronics;93409;../fake-data/blob/hipster.png;image/png
5;redundant;quantifying Lead;Male;COM Rhode Island;Handcrafted Auto Loan Account;34120;../fake-data/blob/hipster.png;image/png
6;Concrete;application;Female;Berkshire;Towels fuchsia;24272;../fake-data/blob/hipster.png;image/png
7;ivory Ports Outdoors;transparent;Female;Shirt Liaison;overriding Rustic Cotton Table;92364;../fake-data/blob/hipster.png;image/png
8;Intelligent Cotton Sausages;Practical Frozen Shoes transmitting Virtual;Female;Savings Account;Equatorial Guinea Fall compressing;90590;../fake-data/blob/hipster.png;image/png
9;intuitive Electronics real-time;Clothing;Female;wireless SAS;Personal Loan Account;22917;../fake-data/blob/hipster.png;image/png
10;Stand-alone Intranet;Serbian Dinar Cambridgeshire;Female;Dynamic Meadows;Brand system-worthy Soft;90359;../fake-data/blob/hipster.png;image/png
