id;name;sex;age;address
1;Assistant;Female;71664;orchid
2;Bedfordshire Security;Male;31883;empower Auto Loan Account Music
3;Principal sky blue;Male;80509;indexing Chile
4;Extended;Male;92067;online
5;fuchsia Administrator Gorgeous;Male;7189;Generic Spurs
6;Specialist copying;Female;83950;Handmade digital
7;Compatible primary;Male;70057;Personal Loan Account
8;Falkland Islands Pound Lilangeni Investment Account;Female;18225;benchmark quantifying Lead
9;invoice;Female;45343;Balboa US Dollar
10;revolutionary Concrete Re-engineered;Male;53552;Georgia
